{"name":"Machine Gun","inputs":"saswd","enabled":false}
{"name":"Anti-Materiel","inputs":"sadws","enabled":false}
{"name":"Stalwart","inputs":"saswwa","enabled":false}
{"name":"Anti-Tank","inputs":"ssawd","enabled":true}
{"name":"Recoilless Rifle","inputs":"sadda","enabled":false}
{"name":"Flamethrower","inputs":"sawsw","enabled":false}
{"name":"Autocannon","inputs":"saswwd","enabled":false}
{"name":"Heavy Machine Gun","inputs":"sawss","enabled":false}
{"name":"Airburst Launcher","inputs":"swwad","enabled":false}
{"name":"Commando","inputs":"sawsd","enabled":false}
{"name":"Railgun","inputs":"sdswad","enabled":false}
{"name":"Spear","inputs":"sswss","enabled":false}
{"name":"Wasp","inputs":"sswsd","enabled":false}
{"name":"Orbital Gatling","inputs":"dsaww","enabled":false}
{"name":"Orbital Airburst","inputs":"ddd","enabled":false}
{"name":"Orbital 120","inputs":"ddsads","enabled":false}
{"name":"Orbital 380","inputs":"dswwass","enabled":false}
{"name":"Orbital Walking","inputs":"dsdsds","enabled":false}
{"name":"Orbital Laser","inputs":"dswds","enabled":true}
{"name":"Orbital Napalm","inputs":"ddsadw","enabled":false}
{"name":"Orbital Railcannon","inputs":"dwssd","enabled":false}
{"name":"Eagle Strafe","inputs":"wdd","enabled":false}
{"name":"Eagle Strike","inputs":"wdsd","enabled":false}
{"name":"Eagle Cluster","inputs":"wdssd","enabled":false}
{"name":"Eagle Napalm","inputs":"wdsw","enabled":false}
{"name":"Jump Pack","inputs":"swwsw","enabled":false}
{"name":"Eagle Smoke","inputs":"wdws","enabled":false}
{"name":"Eagle 110","inputs":"wdwa","enabled":false}
{"name":"Eagle 500","inputs":"wdsss","enabled":true}
{"name":"Recon Vehicle","inputs":"asdsdsw","enabled":true}
{"name":"Orbital Precision","inputs":"ddw","enabled":false}
{"name":"Orbital Gas","inputs":"ddsd","enabled":false}
{"name":"Orbital EMS","inputs":"ddas","enabled":false}
{"name":"Orbital Smoke","inputs":"ddsw","enabled":false}
{"name":"HMG Emplacement","inputs":"swadda","enabled":false}
{"name":"Shield Relay","inputs":"ssadad","enabled":false}
{"name":"Tesla Tower","inputs":"swdwad","enabled":false}
{"name":"Grenadier Battlement","inputs":"sdsad","enabled":false}
{"name":"Minefield","inputs":"sawd","enabled":false}
{"name":"Supply Pack","inputs":"saswws","enabled":false}
{"name":"Grenade Launcher","inputs":"sawas","enabled":false}
{"name":"Laser Cannon","inputs":"saswa","enabled":true}
{"name":"Incendiary Mines","inputs":"saas","enabled":false}
{"name":"Rover","inputs":"sasswa","enabled":false}
{"name":"Ballistic Shield","inputs":"sasswa","enabled":false}
{"name":"Arc Thrower","inputs":"sdswaa","enabled":false}
{"name":"Tank Mines","inputs":"saww","enabled":false}
{"name":"Quasar Cannon","inputs":"sswad","enabled":true}
{"name":"Shield Pack","inputs":"swadad","enabled":false}
{"name":"Gas Mines","inputs":"saad","enabled":false}
{"name":"Machine Gun Sentry","inputs":"swddw","enabled":true}
{"name":"Gatling Sentry","inputs":"swda","enabled":true}
{"name":"Mortar Sentry","inputs":"swdds","enabled":true}
{"name":"Guard Dog","inputs":"swawds","enabled":false}
{"name":"Autocannon Sentry","inputs":"swdwaw","enabled":true}
{"name":"Rocket Sentry","inputs":"swdda","enabled":true}
{"name":"EMS Sentry","inputs":"swdsd","enabled":false}
{"name":"Patriot","inputs":"asdwass","enabled":false}
{"name":"Emancipator","inputs":"asdwasw","enabled":false}
{"name":"Sterilizer","inputs":"sawsa","enabled":false}
{"name":"Dog Breath","inputs":"swawdw","enabled":false}
{"name":"Directional Shield","inputs":"swadww","enabled":false}
{"name":"Anti-Tank Emplacement","inputs":"swaddd","enabled":false}
{"name":"Flame Sentry","inputs":"swdsww","enabled":false}
{"name":"Portable Hellbomb","inputs":"sdwww","enabled":false}
{"name":"Hover Pack","inputs":"swwsad","enabled":false}
{"name":"Flag","inputs":"saddw","enabled":false}
{"name":"De-Escalator","inputs":"sdwad","enabled":false}
{"name":"K-9","inputs":"swawda","enabled":false}
{"name":"Epoch","inputs":"sawad","enabled":false}
{"name":"Laser Sentry","inputs":"swdswd","enabled":false}
{"name":"Warp Pack","inputs":"sadsad","enabled":true}
{"name":"Speargun","inputs":"sdsawd","enabled":false}
{"name":"Expendable Napalm","inputs":"ssawa","enabled":false}
{"name":"Solo Silo","inputs":"swdss","enabled":false}
{"name":"Maxigun","inputs":"sadsww","enabled":false}
{"name":"Defoliation","inputs":"sadds","enabled":false}
{"name":"Hot Dog","inputs":"swawaa","enabled":false}
{"name":"Reinforce","inputs":"wsdaw","enabled":true}
{"name":"SOS","inputs":"wsdw","enabled":true}
{"name":"Resupply","inputs":"sswd","enabled":true}
{"name":"Rearm","inputs":"wwawd","enabled":true}
{"name":"SSD","inputs":"sssww","enabled":false}
{"name":"Drill","inputs":"ssadss","enabled":false}
{"name":"Super Flag","inputs":"swsw","enabled":false}
{"name":"Hellbomb","inputs":"swaswdsw","enabled":true}
{"name":"Upload Data","inputs":"adwww","enabled":true}
{"name":"Seismic Probe","inputs":"wwadss","enabled":true}
{"name":"SEAF","inputs":"dwws","enabled":true}
